URL,Title,Description,Canonical,OG Title,OG Description,OG Image,Twitter Card
https://www.strategybyte.com.au/,StrategyByte | Digital Marketing Agency Sydney,"Unlock your digital potential with StrategyByte. We are a Sydney-based agency specializing in SEO, Web Development, and NDIS marketing strategies.",https://www.strategybyte.com.au/,StrategyByte | Digital Marketing Agency Sydney,"Unlock your digital potential with StrategyByte. We are a Sydney-based agency specializing in SEO, Web Development, and NDIS marketing strategies.",/og-home.png,summary_large_image
.../about,About StrategyByte | Digital Transformation Experts,"We help businesses navigate the digital landscape. Learn about our data-driven approach, our values, and our mission to drive sustainable growth.",.../about,About StrategyByte | Digital Transformation Experts,"We help businesses navigate the digital landscape. Learn about our data-driven approach, our values, and our mission to drive sustainable growth.",/og-about.png,summary_large_image
.../book-a-session,Book a Strategy Session | StrategyByte,"Ready to grow? Book a free consultation with our digital experts. Let's discuss your goals, SEO needs, and how we can maximize your ROI.",.../book-a-session,Book a Strategy Session | StrategyByte,"Ready to grow? Book a free consultation with our digital experts. Let's discuss your goals, SEO needs, and how we can maximize your ROI.",/og-booking.png,summary_large_image
.../career,Careers at StrategyByte | Join Our Team,"Join a team of innovators and strategists. Explore current job openings in digital marketing, web development, and design at StrategyByte.",.../career,Careers at StrategyByte | Join Our Team,"Join a team of innovators and strategists. Explore current job openings in digital marketing, web development, and design at StrategyByte.",/og-career.png,summary_large_image
.../terms-and-condition,Terms and Conditions | StrategyByte,Read the Terms and Conditions regarding the use of StrategyByte's website and digital services.,.../terms-and-condition,Terms and Conditions | StrategyByte,Read the Terms and Conditions regarding the use of StrategyByte's website and digital services.,/og-generic.png,summary_large_image
.../our-services/website-development,Custom Website Development Services | StrategyByte,"Fast, secure, and conversion-focused websites. We build custom web solutions that look great and perform perfectly on all devices.",.../website-development,Custom Website Development Services | StrategyByte,"Fast, secure, and conversion-focused websites. We build custom web solutions that look great and perform perfectly on all devices.",/og-web-dev.png,summary_large_image
.../our-services/brand-management,Brand Strategy & Management | StrategyByte,"Build a brand that lasts. From visual identity to tone of voice, we help you define your unique value proposition and foster loyalty.",.../brand-management,Brand Strategy & Management | StrategyByte,"Build a brand that lasts. From visual identity to tone of voice, we help you define your unique value proposition and foster loyalty.",/og-branding.png,summary_large_image
.../our-services/digital-marketing,Digital Marketing & SEO Services | StrategyByte,"Drive traffic and generate leads. Our holistic digital marketing services include SEO, PPC, and social media campaigns tailored to your goals.",.../digital-marketing,Digital Marketing & SEO Services | StrategyByte,"Drive traffic and generate leads. Our holistic digital marketing services include SEO, PPC, and social media campaigns tailored to your goals.",/og-marketing.png,summary_large_image
.../our-services/content-marketing,Content Marketing Services | StrategyByte,"Engage your audience with high-impact content. We craft blogs, videos, and visuals that establish authority and drive organic traffic.",.../content-marketing,Content Marketing Services | StrategyByte,"Engage your audience with high-impact content. We craft blogs, videos, and visuals that establish authority and drive organic traffic.",/og-content.png,summary_large_image
.../resources/byte-articles,Byte Articles | Digital Marketing Insights,"Stay ahead with the latest trends. Read our articles on SEO, NDIS marketing, technology, and business growth strategies.",.../resources/byte-articles,Byte Articles | Digital Marketing Insights,"Stay ahead with the latest trends. Read our articles on SEO, NDIS marketing, technology, and business growth strategies.",/og-blog.png,summary_large_image
.../resources/case-studies,Client Case Studies | StrategyByte Success Stories,See our results. Explore case studies showing how we've helped businesses like yours achieve measurable growth and ROI.,.../resources/case-studies,Client Case Studies | StrategyByte Success Stories,See our results. Explore case studies showing how we've helped businesses like yours achieve measurable growth and ROI.,/og-case-studies.png,summary_large_image
